n_abu_pool,E_abu_mission_kwh_per_abu,timeline_type,abu_index,flight_index,t_hr,event
1.000000,5.000000,aircraft,,1.000000,0.000000,aircraft_depart
1.000000,5.000000,aircraft,,1.000000,0.093196,abu_detach
1.000000,5.000000,aircraft,,1.000000,0.447500,aircraft_arrive
1.000000,5.000000,aircraft,,1.000000,0.730800,aircraft_ground_ops_done
1.000000,5.000000,aircraft,,1.000000,1.661063,aircraft_charge_done
1.000000,5.000000,aircraft,,2.000000,1.661063,aircraft_depart
1.000000,5.000000,aircraft,,2.000000,1.754259,abu_detach
1.000000,5.000000,aircraft,,2.000000,2.108563,aircraft_arrive
1.000000,5.000000,aircraft,,2.000000,2.391863,aircraft_ground_ops_done
1.000000,5.000000,aircraft,,2.000000,3.322126,aircraft_charge_done
1.000000,5.000000,aircraft,,3.000000,3.322126,aircraft_depart
1.000000,5.000000,aircraft,,3.000000,3.415323,abu_detach
1.000000,5.000000,aircraft,,3.000000,3.769626,aircraft_arrive
1.000000,5.000000,aircraft,,3.000000,4.052926,aircraft_ground_ops_done
1.000000,5.000000,aircraft,,3.000000,4.983189,aircraft_charge_done
1.000000,5.000000,aircraft,,4.000000,4.983189,aircraft_depart
1.000000,5.000000,aircraft,,4.000000,5.076386,abu_detach
1.000000,5.000000,aircraft,,4.000000,5.430689,aircraft_arrive
1.000000,5.000000,aircraft,,4.000000,5.713989,aircraft_ground_ops_done
1.000000,5.000000,aircraft,,4.000000,6.644252,aircraft_charge_done
1.000000,5.000000,aircraft,,5.000000,6.644252,aircraft_depart
1.000000,5.000000,aircraft,,5.000000,6.737449,abu_detach
1.000000,5.000000,aircraft,,5.000000,7.091752,aircraft_arrive
1.000000,5.000000,aircraft,,5.000000,7.375052,aircraft_ground_ops_done
1.000000,5.000000,aircraft,,5.000000,8.305315,aircraft_charge_done
1.000000,5.000000,abu,1.000000,1.000000,0.000000,abu_attached
1.000000,5.000000,abu,1.000000,1.000000,0.093196,abu_detach
1.000000,5.000000,abu,1.000000,1.000000,0.882543,abu_return_done
1.000000,5.000000,abu,1.000000,1.000000,0.882543,abu_charge_start
1.000000,5.000000,abu,1.000000,1.000000,1.159343,abu_charge_done
1.000000,5.000000,abu,1.000000,2.000000,1.661063,abu_attached
1.000000,5.000000,abu,1.000000,2.000000,1.754259,abu_detach
1.000000,5.000000,abu,1.000000,2.000000,2.543606,abu_return_done
1.000000,5.000000,abu,1.000000,2.000000,2.543606,abu_charge_start
1.000000,5.000000,abu,1.000000,2.000000,2.820406,abu_charge_done
1.000000,5.000000,abu,1.000000,3.000000,3.322126,abu_attached
1.000000,5.000000,abu,1.000000,3.000000,3.415323,abu_detach
1.000000,5.000000,abu,1.000000,3.000000,4.204669,abu_return_done
1.000000,5.000000,abu,1.000000,3.000000,4.204669,abu_charge_start
1.000000,5.000000,abu,1.000000,3.000000,4.481469,abu_charge_done
1.000000,5.000000,abu,1.000000,4.000000,4.983189,abu_attached
1.000000,5.000000,abu,1.000000,4.000000,5.076386,abu_detach
1.000000,5.000000,abu,1.000000,4.000000,5.865732,abu_return_done
1.000000,5.000000,abu,1.000000,4.000000,5.865732,abu_charge_start
1.000000,5.000000,abu,1.000000,4.000000,6.142532,abu_charge_done
1.000000,5.000000,abu,1.000000,5.000000,6.644252,abu_attached
1.000000,5.000000,abu,1.000000,5.000000,6.737449,abu_detach
1.000000,5.000000,abu,1.000000,5.000000,7.526795,abu_return_done
1.000000,5.000000,abu,1.000000,5.000000,7.526795,abu_charge_start
1.000000,5.000000,abu,1.000000,5.000000,7.803595,abu_charge_done
1.000000,10.000000,aircraft,,1.000000,0.000000,aircraft_depart
1.000000,10.000000,aircraft,,1.000000,0.120395,abu_detach
1.000000,10.000000,aircraft,,1.000000,0.447500,aircraft_arrive
1.000000,10.000000,aircraft,,1.000000,0.730800,aircraft_ground_ops_done
1.000000,10.000000,aircraft,,1.000000,1.619885,aircraft_charge_done
1.000000,10.000000,aircraft,,2.000000,1.619885,aircraft_depart
1.000000,10.000000,aircraft,,2.000000,1.740280,abu_detach
1.000000,10.000000,aircraft,,2.000000,2.067385,aircraft_arrive
1.000000,10.000000,aircraft,,2.000000,2.350685,aircraft_ground_ops_done
1.000000,10.000000,aircraft,,2.000000,3.239770,aircraft_charge_done
1.000000,10.000000,aircraft,,3.000000,3.239770,aircraft_depart
1.000000,10.000000,aircraft,,3.000000,3.360165,abu_detach
1.000000,10.000000,aircraft,,3.000000,3.687270,aircraft_arrive
1.000000,10.000000,aircraft,,3.000000,3.970570,aircraft_ground_ops_done
1.000000,10.000000,aircraft,,3.000000,4.859655,aircraft_charge_done
1.000000,10.000000,aircraft,,4.000000,4.859655,aircraft_depart
1.000000,10.000000,aircraft,,4.000000,4.980050,abu_detach
1.000000,10.000000,aircraft,,4.000000,5.307155,aircraft_arrive
1.000000,10.000000,aircraft,,4.000000,5.590455,aircraft_ground_ops_done
1.000000,10.000000,aircraft,,4.000000,6.479540,aircraft_charge_done
1.000000,10.000000,aircraft,,5.000000,6.479540,aircraft_depart
1.000000,10.000000,aircraft,,5.000000,6.599935,abu_detach
1.000000,10.000000,aircraft,,5.000000,6.927040,aircraft_arrive
1.000000,10.000000,aircraft,,5.000000,7.210340,aircraft_ground_ops_done
1.000000,10.000000,aircraft,,5.000000,8.099425,aircraft_charge_done
1.000000,10.000000,abu,1.000000,1.000000,0.000000,abu_attached
1.000000,10.000000,abu,1.000000,1.000000,0.120395,abu_detach
1.000000,10.000000,abu,1.000000,1.000000,0.848907,abu_return_done
1.000000,10.000000,abu,1.000000,1.000000,0.848907,abu_charge_start
1.000000,10.000000,abu,1.000000,1.000000,1.197085,abu_charge_done
1.000000,10.000000,abu,1.000000,2.000000,1.619885,abu_attached
1.000000,10.000000,abu,1.000000,2.000000,1.740280,abu_detach
1.000000,10.000000,abu,1.000000,2.000000,2.468792,abu_return_done
1.000000,10.000000,abu,1.000000,2.000000,2.468792,abu_charge_start
1.000000,10.000000,abu,1.000000,2.000000,2.816970,abu_charge_done
1.000000,10.000000,abu,1.000000,3.000000,3.239770,abu_attached
1.000000,10.000000,abu,1.000000,3.000000,3.360165,abu_detach
1.000000,10.000000,abu,1.000000,3.000000,4.088677,abu_return_done
1.000000,10.000000,abu,1.000000,3.000000,4.088677,abu_charge_start
1.000000,10.000000,abu,1.000000,3.000000,4.436855,abu_charge_done
1.000000,10.000000,abu,1.000000,4.000000,4.859655,abu_attached
1.000000,10.000000,abu,1.000000,4.000000,4.980050,abu_detach
1.000000,10.000000,abu,1.000000,4.000000,5.708562,abu_return_done
1.000000,10.000000,abu,1.000000,4.000000,5.708562,abu_charge_start
1.000000,10.000000,abu,1.000000,4.000000,6.056740,abu_charge_done
1.000000,10.000000,abu,1.000000,5.000000,6.479540,abu_attached
1.000000,10.000000,abu,1.000000,5.000000,6.599935,abu_detach
1.000000,10.000000,abu,1.000000,5.000000,7.328447,abu_return_done
1.000000,10.000000,abu,1.000000,5.000000,7.328447,abu_charge_start
1.000000,10.000000,abu,1.000000,5.000000,7.676625,abu_charge_done
1.000000,15.000000,aircraft,,1.000000,0.000000,aircraft_depart
1.000000,15.000000,aircraft,,1.000000,0.146658,abu_detach
1.000000,15.000000,aircraft,,1.000000,0.447500,aircraft_arrive
1.000000,15.000000,aircraft,,1.000000,0.730800,aircraft_ground_ops_done
1.000000,15.000000,aircraft,,1.000000,1.580123,aircraft_charge_done
1.000000,15.000000,aircraft,,2.000000,1.580123,aircraft_depart
1.000000,15.000000,aircraft,,2.000000,1.726781,abu_detach
1.000000,15.000000,aircraft,,2.000000,2.027623,aircraft_arrive
1.000000,15.000000,aircraft,,2.000000,2.310923,aircraft_ground_ops_done
1.000000,15.000000,aircraft,,2.000000,3.160247,aircraft_charge_done
1.000000,15.000000,aircraft,,3.000000,3.160247,aircraft_depart
1.000000,15.000000,aircraft,,3.000000,3.306905,abu_detach
1.000000,15.000000,aircraft,,3.000000,3.607747,aircraft_arrive
1.000000,15.000000,aircraft,,3.000000,3.891047,aircraft_ground_ops_done
1.000000,15.000000,aircraft,,3.000000,4.740370,aircraft_charge_done
1.000000,15.000000,aircraft,,4.000000,4.740370,aircraft_depart
1.000000,15.000000,aircraft,,4.000000,4.887028,abu_detach
1.000000,15.000000,aircraft,,4.000000,5.187870,aircraft_arrive
1.000000,15.000000,aircraft,,4.000000,5.471170,aircraft_ground_ops_done
1.000000,15.000000,aircraft,,4.000000,6.320493,aircraft_charge_done
1.000000,15.000000,aircraft,,5.000000,6.320493,aircraft_depart
1.000000,15.000000,aircraft,,5.000000,6.467151,abu_detach
1.000000,15.000000,aircraft,,5.000000,6.767993,aircraft_arrive
1.000000,15.000000,aircraft,,5.000000,7.051293,aircraft_ground_ops_done
1.000000,15.000000,aircraft,,5.000000,7.900617,aircraft_charge_done
1.000000,15.000000,abu,1.000000,1.000000,0.000000,abu_attached
1.000000,15.000000,abu,1.000000,1.000000,0.146658,abu_detach
1.000000,15.000000,abu,1.000000,1.000000,0.816429,abu_return_done
1.000000,15.000000,abu,1.000000,1.000000,0.816429,abu_charge_start
1.000000,15.000000,abu,1.000000,1.000000,1.234021,abu_charge_done
1.000000,15.000000,abu,1.000000,2.000000,1.580123,abu_attached
1.000000,15.000000,abu,1.000000,2.000000,1.726781,abu_detach
1.000000,15.000000,abu,1.000000,2.000000,2.396552,abu_return_done
1.000000,15.000000,abu,1.000000,2.000000,2.396552,abu_charge_start
1.000000,15.000000,abu,1.000000,2.000000,2.814144,abu_charge_done
1.000000,15.000000,abu,1.000000,3.000000,3.160247,abu_attached
1.000000,15.000000,abu,1.000000,3.000000,3.306905,abu_detach
1.000000,15.000000,abu,1.000000,3.000000,3.976675,abu_return_done
1.000000,15.000000,abu,1.000000,3.000000,3.976675,abu_charge_start
1.000000,15.000000,abu,1.000000,3.000000,4.394267,abu_charge_done
1.000000,15.000000,abu,1.000000,4.000000,4.740370,abu_attached
1.000000,15.000000,abu,1.000000,4.000000,4.887028,abu_detach
1.000000,15.000000,abu,1.000000,4.000000,5.556799,abu_return_done
1.000000,15.000000,abu,1.000000,4.000000,5.556799,abu_charge_start
1.000000,15.000000,abu,1.000000,4.000000,5.974391,abu_charge_done
1.000000,15.000000,abu,1.000000,5.000000,6.320493,abu_attached
1.000000,15.000000,abu,1.000000,5.000000,6.467151,abu_detach
1.000000,15.000000,abu,1.000000,5.000000,7.136922,abu_return_done
1.000000,15.000000,abu,1.000000,5.000000,7.136922,abu_charge_start
1.000000,15.000000,abu,1.000000,5.000000,7.554514,abu_charge_done
1.000000,20.000000,aircraft,,1.000000,0.000000,aircraft_depart
1.000000,20.000000,aircraft,,1.000000,0.172007,abu_detach
1.000000,20.000000,aircraft,,1.000000,0.447500,aircraft_arrive
1.000000,20.000000,aircraft,,1.000000,0.730800,aircraft_ground_ops_done
1.000000,20.000000,aircraft,,1.000000,1.541746,aircraft_charge_done
1.000000,20.000000,aircraft,,2.000000,1.541746,aircraft_depart
1.000000,20.000000,aircraft,,2.000000,1.713753,abu_detach
1.000000,20.000000,aircraft,,2.000000,1.989246,aircraft_arrive
1.000000,20.000000,aircraft,,2.000000,2.272546,aircraft_ground_ops_done
1.000000,20.000000,aircraft,,2.000000,3.083492,aircraft_charge_done
1.000000,20.000000,aircraft,,3.000000,3.083492,aircraft_depart
1.000000,20.000000,aircraft,,3.000000,3.255498,abu_detach
1.000000,20.000000,aircraft,,3.000000,3.530992,aircraft_arrive
1.000000,20.000000,aircraft,,3.000000,3.814292,aircraft_ground_ops_done
1.000000,20.000000,aircraft,,3.000000,4.625237,aircraft_charge_done
1.000000,20.000000,aircraft,,4.000000,4.625237,aircraft_depart
1.000000,20.000000,aircraft,,4.000000,4.797244,abu_detach
1.000000,20.000000,aircraft,,4.000000,5.072737,aircraft_arrive
1.000000,20.000000,aircraft,,4.000000,5.356037,aircraft_ground_ops_done
1.000000,20.000000,aircraft,,4.000000,6.166983,aircraft_charge_done
1.000000,20.000000,aircraft,,5.000000,6.166983,aircraft_depart
1.000000,20.000000,aircraft,,5.000000,6.338990,abu_detach
1.000000,20.000000,aircraft,,5.000000,6.614483,aircraft_arrive
1.000000,20.000000,aircraft,,5.000000,6.897783,aircraft_ground_ops_done
1.000000,20.000000,aircraft,,5.000000,7.708729,aircraft_charge_done
1.000000,20.000000,abu,1.000000,1.000000,0.000000,abu_attached
1.000000,20.000000,abu,1.000000,1.000000,0.172007,abu_detach
1.000000,20.000000,abu,1.000000,1.000000,0.785081,abu_return_done
1.000000,20.000000,abu,1.000000,1.000000,0.785081,abu_charge_start
1.000000,20.000000,abu,1.000000,1.000000,1.270509,abu_charge_done
1.000000,20.000000,abu,1.000000,2.000000,1.541746,abu_attached
1.000000,20.000000,abu,1.000000,2.000000,1.713753,abu_detach
1.000000,20.000000,abu,1.000000,2.000000,2.326826,abu_return_done
1.000000,20.000000,abu,1.000000,2.000000,2.326826,abu_charge_start
1.000000,20.000000,abu,1.000000,2.000000,2.812255,abu_charge_done
1.000000,20.000000,abu,1.000000,3.000000,3.083492,abu_attached
1.000000,20.000000,abu,1.000000,3.000000,3.255498,abu_detach
1.000000,20.000000,abu,1.000000,3.000000,3.868572,abu_return_done
1.000000,20.000000,abu,1.000000,3.000000,3.868572,abu_charge_start
1.000000,20.000000,abu,1.000000,3.000000,4.354000,abu_charge_done
1.000000,20.000000,abu,1.000000,4.000000,4.625237,abu_attached
1.000000,20.000000,abu,1.000000,4.000000,4.797244,abu_detach
1.000000,20.000000,abu,1.000000,4.000000,5.410318,abu_return_done
1.000000,20.000000,abu,1.000000,4.000000,5.410318,abu_charge_start
1.000000,20.000000,abu,1.000000,4.000000,5.895746,abu_charge_done
1.000000,20.000000,abu,1.000000,5.000000,6.166983,abu_attached
1.000000,20.000000,abu,1.000000,5.000000,6.338990,abu_detach
1.000000,20.000000,abu,1.000000,5.000000,6.952064,abu_return_done
1.000000,20.000000,abu,1.000000,5.000000,6.952064,abu_charge_start
1.000000,20.000000,abu,1.000000,5.000000,7.437492,abu_charge_done
1.000000,25.000000,aircraft,,1.000000,0.000000,aircraft_depart
1.000000,25.000000,aircraft,,1.000000,0.196472,abu_detach
1.000000,25.000000,aircraft,,1.000000,0.447500,aircraft_arrive
1.000000,25.000000,aircraft,,1.000000,0.730800,aircraft_ground_ops_done
1.000000,25.000000,aircraft,,1.000000,1.504707,aircraft_charge_done
1.000000,25.000000,aircraft,,2.000000,1.504707,aircraft_depart
1.000000,25.000000,aircraft,,2.000000,1.701178,abu_detach
1.000000,25.000000,aircraft,,2.000000,1.952207,aircraft_arrive
1.000000,25.000000,aircraft,,2.000000,2.235507,aircraft_ground_ops_done
1.000000,25.000000,aircraft,,2.000000,3.009413,aircraft_charge_done
1.000000,25.000000,aircraft,,3.000000,3.009413,aircraft_depart
1.000000,25.000000,aircraft,,3.000000,3.205885,abu_detach
1.000000,25.000000,aircraft,,3.000000,3.456913,aircraft_arrive
1.000000,25.000000,aircraft,,3.000000,3.740213,aircraft_ground_ops_done
1.000000,25.000000,aircraft,,3.000000,4.514120,aircraft_charge_done
1.000000,25.000000,aircraft,,4.000000,4.514120,aircraft_depart
1.000000,25.000000,aircraft,,4.000000,4.710591,abu_detach
1.000000,25.000000,aircraft,,4.000000,4.961620,aircraft_arrive
1.000000,25.000000,aircraft,,4.000000,5.244920,aircraft_ground_ops_done
1.000000,25.000000,aircraft,,4.000000,6.018826,aircraft_charge_done
1.000000,25.000000,aircraft,,5.000000,6.018826,aircraft_depart
1.000000,25.000000,aircraft,,5.000000,6.215298,abu_detach
1.000000,25.000000,aircraft,,5.000000,6.466326,aircraft_arrive
1.000000,25.000000,aircraft,,5.000000,6.749626,aircraft_ground_ops_done
1.000000,25.000000,aircraft,,5.000000,7.523533,aircraft_charge_done
1.000000,25.000000,aircraft,,6.000000,7.523533,aircraft_depart
1.000000,25.000000,aircraft,,6.000000,7.720004,abu_detach
1.000000,25.000000,aircraft,,6.000000,7.971033,aircraft_arrive
1.000000,25.000000,aircraft,,6.000000,8.254333,aircraft_ground_ops_done
1.000000,25.000000,aircraft,,6.000000,9.028239,aircraft_charge_done
1.000000,25.000000,abu,1.000000,1.000000,0.000000,abu_attached
1.000000,25.000000,abu,1.000000,1.000000,0.196472,abu_detach
1.000000,25.000000,abu,1.000000,1.000000,0.754826,abu_return_done
1.000000,25.000000,abu,1.000000,1.000000,0.754826,abu_charge_start
1.000000,25.000000,abu,1.000000,1.000000,1.306775,abu_charge_done
1.000000,25.000000,abu,1.000000,2.000000,1.504707,abu_attached
1.000000,25.000000,abu,1.000000,2.000000,1.701178,abu_detach
1.000000,25.000000,abu,1.000000,2.000000,2.259532,abu_return_done
1.000000,25.000000,abu,1.000000,2.000000,2.259532,abu_charge_start
1.000000,25.000000,abu,1.000000,2.000000,2.811481,abu_charge_done
1.000000,25.000000,abu,1.000000,3.000000,3.009413,abu_attached
1.000000,25.000000,abu,1.000000,3.000000,3.205885,abu_detach
1.000000,25.000000,abu,1.000000,3.000000,3.764239,abu_return_done
1.000000,25.000000,abu,1.000000,3.000000,3.764239,abu_charge_start
1.000000,25.000000,abu,1.000000,3.000000,4.316188,abu_charge_done
1.000000,25.000000,abu,1.000000,4.000000,4.514120,abu_attached
1.000000,25.000000,abu,1.000000,4.000000,4.710591,abu_detach
1.000000,25.000000,abu,1.000000,4.000000,5.268945,abu_return_done
1.000000,25.000000,abu,1.000000,4.000000,5.268945,abu_charge_start
1.000000,25.000000,abu,1.000000,4.000000,5.820894,abu_charge_done
1.000000,25.000000,abu,1.000000,5.000000,6.018826,abu_attached
1.000000,25.000000,abu,1.000000,5.000000,6.215298,abu_detach
1.000000,25.000000,abu,1.000000,5.000000,6.773652,abu_return_done
1.000000,25.000000,abu,1.000000,5.000000,6.773652,abu_charge_start
1.000000,25.000000,abu,1.000000,5.000000,7.325601,abu_charge_done
1.000000,25.000000,abu,1.000000,6.000000,7.523533,abu_attached
1.000000,25.000000,abu,1.000000,6.000000,7.720004,abu_detach
1.000000,25.000000,abu,1.000000,6.000000,8.278359,abu_return_done
1.000000,25.000000,abu,1.000000,6.000000,8.278359,abu_charge_start
1.000000,25.000000,abu,1.000000,6.000000,8.830307,abu_charge_done
1.000000,30.000000,aircraft,,1.000000,0.000000,aircraft_depart
1.000000,30.000000,aircraft,,1.000000,0.220082,abu_detach
1.000000,30.000000,aircraft,,1.000000,0.447500,aircraft_arrive
1.000000,30.000000,aircraft,,1.000000,0.730800,aircraft_ground_ops_done
1.000000,30.000000,aircraft,,1.000000,1.468961,aircraft_charge_done
1.000000,30.000000,aircraft,,2.000000,1.468961,aircraft_depart
1.000000,30.000000,aircraft,,2.000000,1.689043,abu_detach
1.000000,30.000000,aircraft,,2.000000,1.916461,aircraft_arrive
1.000000,30.000000,aircraft,,2.000000,2.199761,aircraft_ground_ops_done
1.000000,30.000000,aircraft,,2.000000,2.937922,aircraft_charge_done
1.000000,30.000000,aircraft,,3.000000,2.937922,aircraft_depart
1.000000,30.000000,aircraft,,3.000000,3.158004,abu_detach
1.000000,30.000000,aircraft,,3.000000,3.385422,aircraft_arrive
1.000000,30.000000,aircraft,,3.000000,3.668722,aircraft_ground_ops_done
1.000000,30.000000,aircraft,,3.000000,4.406884,aircraft_charge_done
1.000000,30.000000,aircraft,,4.000000,4.406884,aircraft_depart
1.000000,30.000000,aircraft,,4.000000,4.626965,abu_detach
1.000000,30.000000,aircraft,,4.000000,4.854384,aircraft_arrive
1.000000,30.000000,aircraft,,4.000000,5.137684,aircraft_ground_ops_done
1.000000,30.000000,aircraft,,4.000000,5.875845,aircraft_charge_done
1.000000,30.000000,aircraft,,5.000000,5.875845,aircraft_depart
1.000000,30.000000,aircraft,,5.000000,6.095927,abu_detach
1.000000,30.000000,aircraft,,5.000000,6.323345,aircraft_arrive
1.000000,30.000000,aircraft,,5.000000,6.606645,aircraft_ground_ops_done
1.000000,30.000000,aircraft,,5.000000,7.344806,aircraft_charge_done
1.000000,30.000000,aircraft,,6.000000,7.344806,aircraft_depart
1.000000,30.000000,aircraft,,6.000000,7.564888,abu_detach
1.000000,30.000000,aircraft,,6.000000,7.792306,aircraft_arrive
1.000000,30.000000,aircraft,,6.000000,8.075606,aircraft_ground_ops_done
1.000000,30.000000,aircraft,,6.000000,8.813767,aircraft_charge_done
1.000000,30.000000,abu,1.000000,1.000000,0.000000,abu_attached
1.000000,30.000000,abu,1.000000,1.000000,0.220082,abu_detach
1.000000,30.000000,abu,1.000000,1.000000,0.725628,abu_return_done
1.000000,30.000000,abu,1.000000,1.000000,0.725628,abu_charge_start
1.000000,30.000000,abu,1.000000,1.000000,1.342972,abu_charge_done
1.000000,30.000000,abu,1.000000,2.000000,1.468961,abu_attached
1.000000,30.000000,abu,1.000000,2.000000,1.689043,abu_detach
1.000000,30.000000,abu,1.000000,2.000000,2.194589,abu_return_done
1.000000,30.000000,abu,1.000000,2.000000,2.194589,abu_charge_start
1.000000,30.000000,abu,1.000000,2.000000,2.811933,abu_charge_done
1.000000,30.000000,abu,1.000000,3.000000,2.937922,abu_attached
1.000000,30.000000,abu,1.000000,3.000000,3.158004,abu_detach
1.000000,30.000000,abu,1.000000,3.000000,3.663550,abu_return_done
1.000000,30.000000,abu,1.000000,3.000000,3.663550,abu_charge_start
1.000000,30.000000,abu,1.000000,3.000000,4.280894,abu_charge_done
1.000000,30.000000,abu,1.000000,4.000000,4.406884,abu_attached
1.000000,30.000000,abu,1.000000,4.000000,4.626965,abu_detach
1.000000,30.000000,abu,1.000000,4.000000,5.132511,abu_return_done
1.000000,30.000000,abu,1.000000,4.000000,5.132511,abu_charge_start
1.000000,30.000000,abu,1.000000,4.000000,5.749856,abu_charge_done
1.000000,30.000000,abu,1.000000,5.000000,5.875845,abu_attached
1.000000,30.000000,abu,1.000000,5.000000,6.095927,abu_detach
1.000000,30.000000,abu,1.000000,5.000000,6.601473,abu_return_done
1.000000,30.000000,abu,1.000000,5.000000,6.601473,abu_charge_start
1.000000,30.000000,abu,1.000000,5.000000,7.218817,abu_charge_done
1.000000,30.000000,abu,1.000000,6.000000,7.344806,abu_attached
1.000000,30.000000,abu,1.000000,6.000000,7.564888,abu_detach
1.000000,30.000000,abu,1.000000,6.000000,8.070434,abu_return_done
1.000000,30.000000,abu,1.000000,6.000000,8.070434,abu_charge_start
1.000000,30.000000,abu,1.000000,6.000000,8.687778,abu_charge_done
1.000000,35.000000,aircraft,,1.000000,0.000000,aircraft_depart
1.000000,35.000000,aircraft,,1.000000,0.242866,abu_detach
1.000000,35.000000,aircraft,,1.000000,0.447500,aircraft_arrive
1.000000,35.000000,aircraft,,1.000000,0.730800,aircraft_ground_ops_done
1.000000,35.000000,aircraft,,1.000000,1.434467,aircraft_charge_done
1.000000,35.000000,aircraft,,2.000000,1.434467,aircraft_depart
1.000000,35.000000,aircraft,,2.000000,1.677332,abu_detach
1.000000,35.000000,aircraft,,2.000000,1.881967,aircraft_arrive
1.000000,35.000000,aircraft,,2.000000,2.165267,aircraft_ground_ops_done
1.000000,35.000000,aircraft,,2.000000,2.868933,aircraft_charge_done
1.000000,35.000000,aircraft,,3.000000,2.868933,aircraft_depart
1.000000,35.000000,aircraft,,3.000000,3.111799,abu_detach
1.000000,35.000000,aircraft,,3.000000,3.316433,aircraft_arrive
1.000000,35.000000,aircraft,,3.000000,3.599733,aircraft_ground_ops_done
1.000000,35.000000,aircraft,,3.000000,4.303400,aircraft_charge_done
1.000000,35.000000,aircraft,,4.000000,4.303400,aircraft_depart
1.000000,35.000000,aircraft,,4.000000,4.546266,abu_detach
1.000000,35.000000,aircraft,,4.000000,4.750900,aircraft_arrive
1.000000,35.000000,aircraft,,4.000000,5.034200,aircraft_ground_ops_done
1.000000,35.000000,aircraft,,4.000000,5.737866,aircraft_charge_done
1.000000,35.000000,aircraft,,5.000000,5.737866,aircraft_depart
1.000000,35.000000,aircraft,,5.000000,5.980732,abu_detach
1.000000,35.000000,aircraft,,5.000000,6.185366,aircraft_arrive
1.000000,35.000000,aircraft,,5.000000,6.468666,aircraft_ground_ops_done
1.000000,35.000000,aircraft,,5.000000,7.172333,aircraft_charge_done
1.000000,35.000000,aircraft,,6.000000,7.172333,aircraft_depart
1.000000,35.000000,aircraft,,6.000000,7.415199,abu_detach
1.000000,35.000000,aircraft,,6.000000,7.619833,aircraft_arrive
1.000000,35.000000,aircraft,,6.000000,7.903133,aircraft_ground_ops_done
1.000000,35.000000,aircraft,,6.000000,8.606800,aircraft_charge_done
1.000000,35.000000,abu,1.000000,1.000000,0.000000,abu_attached
1.000000,35.000000,abu,1.000000,1.000000,0.242866,abu_detach
1.000000,35.000000,abu,1.000000,1.000000,0.697451,abu_return_done
1.000000,35.000000,abu,1.000000,1.000000,0.697451,abu_charge_start
1.000000,35.000000,abu,1.000000,1.000000,1.379209,abu_charge_done
1.000000,35.000000,abu,1.000000,2.000000,1.434467,abu_attached
1.000000,35.000000,abu,1.000000,2.000000,1.677332,abu_detach
1.000000,35.000000,abu,1.000000,2.000000,2.131918,abu_return_done
1.000000,35.000000,abu,1.000000,2.000000,2.131918,abu_charge_start
1.000000,35.000000,abu,1.000000,2.000000,2.813676,abu_charge_done
1.000000,35.000000,abu,1.000000,3.000000,2.868933,abu_attached
1.000000,35.000000,abu,1.000000,3.000000,3.111799,abu_detach
1.000000,35.000000,abu,1.000000,3.000000,3.566385,abu_return_done
1.000000,35.000000,abu,1.000000,3.000000,3.566385,abu_charge_start
1.000000,35.000000,abu,1.000000,3.000000,4.248142,abu_charge_done
1.000000,35.000000,abu,1.000000,4.000000,4.303400,abu_attached
1.000000,35.000000,abu,1.000000,4.000000,4.546266,abu_detach
1.000000,35.000000,abu,1.000000,4.000000,5.000851,abu_return_done
1.000000,35.000000,abu,1.000000,4.000000,5.000851,abu_charge_start
1.000000,35.000000,abu,1.000000,4.000000,5.682609,abu_charge_done
1.000000,35.000000,abu,1.000000,5.000000,5.737866,abu_attached
1.000000,35.000000,abu,1.000000,5.000000,5.980732,abu_detach
1.000000,35.000000,abu,1.000000,5.000000,6.435318,abu_return_done
1.000000,35.000000,abu,1.000000,5.000000,6.435318,abu_charge_start
1.000000,35.000000,abu,1.000000,5.000000,7.117076,abu_charge_done
1.000000,35.000000,abu,1.000000,6.000000,7.172333,abu_attached
1.000000,35.000000,abu,1.000000,6.000000,7.415199,abu_detach
1.000000,35.000000,abu,1.000000,6.000000,7.869784,abu_return_done
1.000000,35.000000,abu,1.000000,6.000000,7.869784,abu_charge_start
1.000000,35.000000,abu,1.000000,6.000000,8.551542,abu_charge_done
1.000000,40.000000,aircraft,,1.000000,0.000000,aircraft_depart
1.000000,40.000000,aircraft,,1.000000,0.264851,abu_detach
1.000000,40.000000,aircraft,,1.000000,0.447500,aircraft_arrive
1.000000,40.000000,aircraft,,1.000000,0.730800,aircraft_ground_ops_done
1.000000,40.000000,aircraft,,1.000000,1.401181,aircraft_charge_done
1.000000,40.000000,aircraft,,2.000000,1.415565,aircraft_depart
1.000000,40.000000,aircraft,,2.000000,1.680417,abu_detach
1.000000,40.000000,aircraft,,2.000000,1.863065,aircraft_arrive
1.000000,40.000000,aircraft,,2.000000,2.146365,aircraft_ground_ops_done
1.000000,40.000000,aircraft,,2.000000,2.816746,aircraft_charge_done
1.000000,40.000000,aircraft,,3.000000,2.831130,aircraft_depart
1.000000,40.000000,aircraft,,3.000000,3.095982,abu_detach
1.000000,40.000000,aircraft,,3.000000,3.278630,aircraft_arrive
1.000000,40.000000,aircraft,,3.000000,3.561930,aircraft_ground_ops_done
1.000000,40.000000,aircraft,,3.000000,4.232311,aircraft_charge_done
1.000000,40.000000,aircraft,,4.000000,4.246695,aircraft_depart
1.000000,40.000000,aircraft,,4.000000,4.511547,abu_detach
1.000000,40.000000,aircraft,,4.000000,4.694195,aircraft_arrive
1.000000,40.000000,aircraft,,4.000000,4.977495,aircraft_ground_ops_done
1.000000,40.000000,aircraft,,4.000000,5.647876,aircraft_charge_done
1.000000,40.000000,aircraft,,5.000000,5.662261,aircraft_depart
1.000000,40.000000,aircraft,,5.000000,5.927112,abu_detach
1.000000,40.000000,aircraft,,5.000000,6.109761,aircraft_arrive
1.000000,40.000000,aircraft,,5.000000,6.393061,aircraft_ground_ops_done
1.000000,40.000000,aircraft,,5.000000,7.063442,aircraft_charge_done
1.000000,40.000000,aircraft,,6.000000,7.077826,aircraft_depart
1.000000,40.000000,aircraft,,6.000000,7.342677,abu_detach
1.000000,40.000000,aircraft,,6.000000,7.525326,aircraft_arrive
1.000000,40.000000,aircraft,,6.000000,7.808626,aircraft_ground_ops_done
1.000000,40.000000,aircraft,,6.000000,8.479007,aircraft_charge_done
1.000000,40.000000,abu,1.000000,1.000000,0.000000,abu_attached
1.000000,40.000000,abu,1.000000,1.000000,0.264851,abu_detach
1.000000,40.000000,abu,1.000000,1.000000,0.670263,abu_return_done
1.000000,40.000000,abu,1.000000,1.000000,0.670263,abu_charge_start
1.000000,40.000000,abu,1.000000,1.000000,1.415565,abu_charge_done
1.000000,40.000000,abu,1.000000,2.000000,1.415565,abu_attached
1.000000,40.000000,abu,1.000000,2.000000,1.680417,abu_detach
1.000000,40.000000,abu,1.000000,2.000000,2.085828,abu_return_done
1.000000,40.000000,abu,1.000000,2.000000,2.085828,abu_charge_start
1.000000,40.000000,abu,1.000000,2.000000,2.831130,abu_charge_done
1.000000,40.000000,abu,1.000000,3.000000,2.831130,abu_attached
1.000000,40.000000,abu,1.000000,3.000000,3.095982,abu_detach
1.000000,40.000000,abu,1.000000,3.000000,3.501393,abu_return_done
1.000000,40.000000,abu,1.000000,3.000000,3.501393,abu_charge_start
1.000000,40.000000,abu,1.000000,3.000000,4.246695,abu_charge_done
1.000000,40.000000,abu,1.000000,4.000000,4.246695,abu_attached
1.000000,40.000000,abu,1.000000,4.000000,4.511547,abu_detach
1.000000,40.000000,abu,1.000000,4.000000,4.916958,abu_return_done
1.000000,40.000000,abu,1.000000,4.000000,4.916958,abu_charge_start
1.000000,40.000000,abu,1.000000,4.000000,5.662261,abu_charge_done
1.000000,40.000000,abu,1.000000,5.000000,5.662261,abu_attached
1.000000,40.000000,abu,1.000000,5.000000,5.927112,abu_detach
1.000000,40.000000,abu,1.000000,5.000000,6.332523,abu_return_done
1.000000,40.000000,abu,1.000000,5.000000,6.332523,abu_charge_start
1.000000,40.000000,abu,1.000000,5.000000,7.077826,abu_charge_done
1.000000,40.000000,abu,1.000000,6.000000,7.077826,abu_attached
1.000000,40.000000,abu,1.000000,6.000000,7.342677,abu_detach
1.000000,40.000000,abu,1.000000,6.000000,7.748088,abu_return_done
1.000000,40.000000,abu,1.000000,6.000000,7.748088,abu_charge_start
1.000000,40.000000,abu,1.000000,6.000000,8.493391,abu_charge_done
1.000000,45.000000,aircraft,,1.000000,0.000000,aircraft_depart
1.000000,45.000000,aircraft,,1.000000,0.286065,abu_detach
1.000000,45.000000,aircraft,,1.000000,0.447500,aircraft_arrive
1.000000,45.000000,aircraft,,1.000000,0.730800,aircraft_ground_ops_done
1.000000,45.000000,aircraft,,1.000000,1.369064,aircraft_charge_done
1.000000,45.000000,aircraft,,2.000000,1.452097,aircraft_depart
1.000000,45.000000,aircraft,,2.000000,1.738162,abu_detach
1.000000,45.000000,aircraft,,2.000000,1.899597,aircraft_arrive
1.000000,45.000000,aircraft,,2.000000,2.182897,aircraft_ground_ops_done
1.000000,45.000000,aircraft,,2.000000,2.821161,aircraft_charge_done
1.000000,45.000000,aircraft,,3.000000,2.904194,aircraft_depart
1.000000,45.000000,aircraft,,3.000000,3.190259,abu_detach
1.000000,45.000000,aircraft,,3.000000,3.351694,aircraft_arrive
1.000000,45.000000,aircraft,,3.000000,3.634994,aircraft_ground_ops_done
1.000000,45.000000,aircraft,,3.000000,4.273258,aircraft_charge_done
1.000000,45.000000,aircraft,,4.000000,4.356291,aircraft_depart
1.000000,45.000000,aircraft,,4.000000,4.642356,abu_detach
1.000000,45.000000,aircraft,,4.000000,4.803791,aircraft_arrive
1.000000,45.000000,aircraft,,4.000000,5.087091,aircraft_ground_ops_done
1.000000,45.000000,aircraft,,4.000000,5.725355,aircraft_charge_done
1.000000,45.000000,aircraft,,5.000000,5.808388,aircraft_depart
1.000000,45.000000,aircraft,,5.000000,6.094453,abu_detach
1.000000,45.000000,aircraft,,5.000000,6.255888,aircraft_arrive
1.000000,45.000000,aircraft,,5.000000,6.539188,aircraft_ground_ops_done
1.000000,45.000000,aircraft,,5.000000,7.177452,aircraft_charge_done
1.000000,45.000000,aircraft,,6.000000,7.260485,aircraft_depart
1.000000,45.000000,aircraft,,6.000000,7.546550,abu_detach
1.000000,45.000000,aircraft,,6.000000,7.707985,aircraft_arrive
1.000000,45.000000,aircraft,,6.000000,7.991285,aircraft_ground_ops_done
1.000000,45.000000,aircraft,,6.000000,8.629549,aircraft_charge_done
1.000000,45.000000,abu,1.000000,1.000000,0.000000,abu_attached
1.000000,45.000000,abu,1.000000,1.000000,0.286065,abu_detach
1.000000,45.000000,abu,1.000000,1.000000,0.644029,abu_return_done
1.000000,45.000000,abu,1.000000,1.000000,0.644029,abu_charge_start
1.000000,45.000000,abu,1.000000,1.000000,1.452097,abu_charge_done
1.000000,45.000000,abu,1.000000,2.000000,1.452097,abu_attached
1.000000,45.000000,abu,1.000000,2.000000,1.738162,abu_detach
1.000000,45.000000,abu,1.000000,2.000000,2.096126,abu_return_done
1.000000,45.000000,abu,1.000000,2.000000,2.096126,abu_charge_start
1.000000,45.000000,abu,1.000000,2.000000,2.904194,abu_charge_done
1.000000,45.000000,abu,1.000000,3.000000,2.904194,abu_attached
1.000000,45.000000,abu,1.000000,3.000000,3.190259,abu_detach
1.000000,45.000000,abu,1.000000,3.000000,3.548222,abu_return_done
1.000000,45.000000,abu,1.000000,3.000000,3.548222,abu_charge_start
1.000000,45.000000,abu,1.000000,3.000000,4.356291,abu_charge_done
1.000000,45.000000,abu,1.000000,4.000000,4.356291,abu_attached
1.000000,45.000000,abu,1.000000,4.000000,4.642356,abu_detach
1.000000,45.000000,abu,1.000000,4.000000,5.000319,abu_return_done
1.000000,45.000000,abu,1.000000,4.000000,5.000319,abu_charge_start
1.000000,45.000000,abu,1.000000,4.000000,5.808388,abu_charge_done
1.000000,45.000000,abu,1.000000,5.000000,5.808388,abu_attached
1.000000,45.000000,abu,1.000000,5.000000,6.094453,abu_detach
1.000000,45.000000,abu,1.000000,5.000000,6.452416,abu_return_done
1.000000,45.000000,abu,1.000000,5.000000,6.452416,abu_charge_start
1.000000,45.000000,abu,1.000000,5.000000,7.260485,abu_charge_done
1.000000,45.000000,abu,1.000000,6.000000,7.260485,abu_attached
1.000000,45.000000,abu,1.000000,6.000000,7.546550,abu_detach
1.000000,45.000000,abu,1.000000,6.000000,7.904513,abu_return_done
1.000000,45.000000,abu,1.000000,6.000000,7.904513,abu_charge_start
1.000000,45.000000,abu,1.000000,6.000000,8.712582,abu_charge_done
1.000000,50.000000,aircraft,,1.000000,0.000000,aircraft_depart
1.000000,50.000000,aircraft,,1.000000,0.306533,abu_detach
1.000000,50.000000,aircraft,,1.000000,0.447500,aircraft_arrive
1.000000,50.000000,aircraft,,1.000000,0.730800,aircraft_ground_ops_done
1.000000,50.000000,aircraft,,1.000000,1.338076,aircraft_charge_done
1.000000,50.000000,aircraft,,2.000000,1.488847,aircraft_depart
1.000000,50.000000,aircraft,,2.000000,1.795380,abu_detach
1.000000,50.000000,aircraft,,2.000000,1.936347,aircraft_arrive
1.000000,50.000000,aircraft,,2.000000,2.219647,aircraft_ground_ops_done
1.000000,50.000000,aircraft,,2.000000,2.826924,aircraft_charge_done
1.000000,50.000000,aircraft,,3.000000,2.977694,aircraft_depart
1.000000,50.000000,aircraft,,3.000000,3.284227,abu_detach
1.000000,50.000000,aircraft,,3.000000,3.425194,aircraft_arrive
1.000000,50.000000,aircraft,,3.000000,3.708494,aircraft_ground_ops_done
1.000000,50.000000,aircraft,,3.000000,4.315771,aircraft_charge_done
1.000000,50.000000,aircraft,,4.000000,4.466541,aircraft_depart
1.000000,50.000000,aircraft,,4.000000,4.773074,abu_detach
1.000000,50.000000,aircraft,,4.000000,4.914041,aircraft_arrive
1.000000,50.000000,aircraft,,4.000000,5.197341,aircraft_ground_ops_done
1.000000,50.000000,aircraft,,4.000000,5.804618,aircraft_charge_done
1.000000,50.000000,aircraft,,5.000000,5.955389,aircraft_depart
1.000000,50.000000,aircraft,,5.000000,6.261921,abu_detach
1.000000,50.000000,aircraft,,5.000000,6.402889,aircraft_arrive
1.000000,50.000000,aircraft,,5.000000,6.686189,aircraft_ground_ops_done
1.000000,50.000000,aircraft,,5.000000,7.293465,aircraft_charge_done
1.000000,50.000000,aircraft,,6.000000,7.444236,aircraft_depart
1.000000,50.000000,aircraft,,6.000000,7.750768,abu_detach
1.000000,50.000000,aircraft,,6.000000,7.891736,aircraft_arrive
1.000000,50.000000,aircraft,,6.000000,8.175036,aircraft_ground_ops_done
1.000000,50.000000,aircraft,,6.000000,8.782312,aircraft_charge_done
1.000000,50.000000,abu,1.000000,1.000000,0.000000,abu_attached
1.000000,50.000000,abu,1.000000,1.000000,0.306533,abu_detach
1.000000,50.000000,abu,1.000000,1.000000,0.618717,abu_return_done
1.000000,50.000000,abu,1.000000,1.000000,0.618717,abu_charge_start
1.000000,50.000000,abu,1.000000,1.000000,1.488847,abu_charge_done
1.000000,50.000000,abu,1.000000,2.000000,1.488847,abu_attached
1.000000,50.000000,abu,1.000000,2.000000,1.795380,abu_detach
1.000000,50.000000,abu,1.000000,2.000000,2.107564,abu_return_done
1.000000,50.000000,abu,1.000000,2.000000,2.107564,abu_charge_start
1.000000,50.000000,abu,1.000000,2.000000,2.977694,abu_charge_done
1.000000,50.000000,abu,1.000000,3.000000,2.977694,abu_attached
1.000000,50.000000,abu,1.000000,3.000000,3.284227,abu_detach
1.000000,50.000000,abu,1.000000,3.000000,3.596411,abu_return_done
1.000000,50.000000,abu,1.000000,3.000000,3.596411,abu_charge_start
1.000000,50.000000,abu,1.000000,3.000000,4.466541,abu_charge_done
1.000000,50.000000,abu,1.000000,4.000000,4.466541,abu_attached
1.000000,50.000000,abu,1.000000,4.000000,4.773074,abu_detach
1.000000,50.000000,abu,1.000000,4.000000,5.085258,abu_return_done
1.000000,50.000000,abu,1.000000,4.000000,5.085258,abu_charge_start
1.000000,50.000000,abu,1.000000,4.000000,5.955389,abu_charge_done
1.000000,50.000000,abu,1.000000,5.000000,5.955389,abu_attached
1.000000,50.000000,abu,1.000000,5.000000,6.261921,abu_detach
1.000000,50.000000,abu,1.000000,5.000000,6.574106,abu_return_done
1.000000,50.000000,abu,1.000000,5.000000,6.574106,abu_charge_start
1.000000,50.000000,abu,1.000000,5.000000,7.444236,abu_charge_done
1.000000,50.000000,abu,1.000000,6.000000,7.444236,abu_attached
1.000000,50.000000,abu,1.000000,6.000000,7.750768,abu_detach
1.000000,50.000000,abu,1.000000,6.000000,8.062953,abu_return_done
1.000000,50.000000,abu,1.000000,6.000000,8.062953,abu_charge_start
1.000000,50.000000,abu,1.000000,6.000000,8.933083,abu_charge_done
2.000000,5.000000,aircraft,,1.000000,0.000000,aircraft_depart
2.000000,5.000000,aircraft,,1.000000,0.093196,abu_detach
2.000000,5.000000,aircraft,,1.000000,0.447500,aircraft_arrive
2.000000,5.000000,aircraft,,1.000000,0.730800,aircraft_ground_ops_done
2.000000,5.000000,aircraft,,1.000000,1.661063,aircraft_charge_done
2.000000,5.000000,aircraft,,2.000000,1.661063,aircraft_depart
2.000000,5.000000,aircraft,,2.000000,1.754259,abu_detach
2.000000,5.000000,aircraft,,2.000000,2.108563,aircraft_arrive
2.000000,5.000000,aircraft,,2.000000,2.391863,aircraft_ground_ops_done
2.000000,5.000000,aircraft,,2.000000,3.322126,aircraft_charge_done
2.000000,5.000000,aircraft,,3.000000,3.322126,aircraft_depart
2.000000,5.000000,aircraft,,3.000000,3.415323,abu_detach
2.000000,5.000000,aircraft,,3.000000,3.769626,aircraft_arrive
2.000000,5.000000,aircraft,,3.000000,4.052926,aircraft_ground_ops_done
2.000000,5.000000,aircraft,,3.000000,4.983189,aircraft_charge_done
2.000000,5.000000,aircraft,,4.000000,4.983189,aircraft_depart
2.000000,5.000000,aircraft,,4.000000,5.076386,abu_detach
2.000000,5.000000,aircraft,,4.000000,5.430689,aircraft_arrive
2.000000,5.000000,aircraft,,4.000000,5.713989,aircraft_ground_ops_done
2.000000,5.000000,aircraft,,4.000000,6.644252,aircraft_charge_done
2.000000,5.000000,aircraft,,5.000000,6.644252,aircraft_depart
2.000000,5.000000,aircraft,,5.000000,6.737449,abu_detach
2.000000,5.000000,aircraft,,5.000000,7.091752,aircraft_arrive
2.000000,5.000000,aircraft,,5.000000,7.375052,aircraft_ground_ops_done
2.000000,5.000000,aircraft,,5.000000,8.305315,aircraft_charge_done
2.000000,5.000000,abu,1.000000,1.000000,0.000000,abu_attached
2.000000,5.000000,abu,1.000000,1.000000,0.093196,abu_detach
2.000000,5.000000,abu,1.000000,1.000000,0.882543,abu_return_done
2.000000,5.000000,abu,1.000000,1.000000,0.882543,abu_charge_start
2.000000,5.000000,abu,1.000000,1.000000,1.159343,abu_charge_done
2.000000,5.000000,abu,1.000000,2.000000,1.661063,abu_attached
2.000000,5.000000,abu,1.000000,2.000000,1.754259,abu_detach
2.000000,5.000000,abu,1.000000,2.000000,2.543606,abu_return_done
2.000000,5.000000,abu,1.000000,2.000000,2.543606,abu_charge_start
2.000000,5.000000,abu,1.000000,2.000000,2.820406,abu_charge_done
2.000000,5.000000,abu,1.000000,3.000000,3.322126,abu_attached
2.000000,5.000000,abu,1.000000,3.000000,3.415323,abu_detach
2.000000,5.000000,abu,1.000000,3.000000,4.204669,abu_return_done
2.000000,5.000000,abu,1.000000,3.000000,4.204669,abu_charge_start
2.000000,5.000000,abu,1.000000,3.000000,4.481469,abu_charge_done
2.000000,5.000000,abu,1.000000,4.000000,4.983189,abu_attached
2.000000,5.000000,abu,1.000000,4.000000,5.076386,abu_detach
2.000000,5.000000,abu,1.000000,4.000000,5.865732,abu_return_done
2.000000,5.000000,abu,1.000000,4.000000,5.865732,abu_charge_start
2.000000,5.000000,abu,1.000000,4.000000,6.142532,abu_charge_done
2.000000,5.000000,abu,1.000000,5.000000,6.644252,abu_attached
2.000000,5.000000,abu,1.000000,5.000000,6.737449,abu_detach
2.000000,5.000000,abu,1.000000,5.000000,7.526795,abu_return_done
2.000000,5.000000,abu,1.000000,5.000000,7.526795,abu_charge_start
2.000000,5.000000,abu,1.000000,5.000000,7.803595,abu_charge_done
2.000000,10.000000,aircraft,,1.000000,0.000000,aircraft_depart
2.000000,10.000000,aircraft,,1.000000,0.120395,abu_detach
2.000000,10.000000,aircraft,,1.000000,0.447500,aircraft_arrive
2.000000,10.000000,aircraft,,1.000000,0.730800,aircraft_ground_ops_done
2.000000,10.000000,aircraft,,1.000000,1.619885,aircraft_charge_done
2.000000,10.000000,aircraft,,2.000000,1.619885,aircraft_depart
2.000000,10.000000,aircraft,,2.000000,1.740280,abu_detach
2.000000,10.000000,aircraft,,2.000000,2.067385,aircraft_arrive
2.000000,10.000000,aircraft,,2.000000,2.350685,aircraft_ground_ops_done
2.000000,10.000000,aircraft,,2.000000,3.239770,aircraft_charge_done
2.000000,10.000000,aircraft,,3.000000,3.239770,aircraft_depart
2.000000,10.000000,aircraft,,3.000000,3.360165,abu_detach
2.000000,10.000000,aircraft,,3.000000,3.687270,aircraft_arrive
2.000000,10.000000,aircraft,,3.000000,3.970570,aircraft_ground_ops_done
2.000000,10.000000,aircraft,,3.000000,4.859655,aircraft_charge_done
2.000000,10.000000,aircraft,,4.000000,4.859655,aircraft_depart
2.000000,10.000000,aircraft,,4.000000,4.980050,abu_detach
2.000000,10.000000,aircraft,,4.000000,5.307155,aircraft_arrive
2.000000,10.000000,aircraft,,4.000000,5.590455,aircraft_ground_ops_done
2.000000,10.000000,aircraft,,4.000000,6.479540,aircraft_charge_done
2.000000,10.000000,aircraft,,5.000000,6.479540,aircraft_depart
2.000000,10.000000,aircraft,,5.000000,6.599935,abu_detach
2.000000,10.000000,aircraft,,5.000000,6.927040,aircraft_arrive
2.000000,10.000000,aircraft,,5.000000,7.210340,aircraft_ground_ops_done
2.000000,10.000000,aircraft,,5.000000,8.099425,aircraft_charge_done
2.000000,10.000000,abu,1.000000,1.000000,0.000000,abu_attached
2.000000,10.000000,abu,1.000000,1.000000,0.120395,abu_detach
2.000000,10.000000,abu,1.000000,1.000000,0.848907,abu_return_done
2.000000,10.000000,abu,1.000000,1.000000,0.848907,abu_charge_start
2.000000,10.000000,abu,1.000000,1.000000,1.197085,abu_charge_done
2.000000,10.000000,abu,1.000000,2.000000,1.619885,abu_attached
2.000000,10.000000,abu,1.000000,2.000000,1.740280,abu_detach
2.000000,10.000000,abu,1.000000,2.000000,2.468792,abu_return_done
2.000000,10.000000,abu,1.000000,2.000000,2.468792,abu_charge_start
2.000000,10.000000,abu,1.000000,2.000000,2.816970,abu_charge_done
2.000000,10.000000,abu,1.000000,3.000000,3.239770,abu_attached
2.000000,10.000000,abu,1.000000,3.000000,3.360165,abu_detach
2.000000,10.000000,abu,1.000000,3.000000,4.088677,abu_return_done
2.000000,10.000000,abu,1.000000,3.000000,4.088677,abu_charge_start
2.000000,10.000000,abu,1.000000,3.000000,4.436855,abu_charge_done
2.000000,10.000000,abu,1.000000,4.000000,4.859655,abu_attached
2.000000,10.000000,abu,1.000000,4.000000,4.980050,abu_detach
2.000000,10.000000,abu,1.000000,4.000000,5.708562,abu_return_done
2.000000,10.000000,abu,1.000000,4.000000,5.708562,abu_charge_start
2.000000,10.000000,abu,1.000000,4.000000,6.056740,abu_charge_done
2.000000,10.000000,abu,1.000000,5.000000,6.479540,abu_attached
2.000000,10.000000,abu,1.000000,5.000000,6.599935,abu_detach
2.000000,10.000000,abu,1.000000,5.000000,7.328447,abu_return_done
2.000000,10.000000,abu,1.000000,5.000000,7.328447,abu_charge_start
2.000000,10.000000,abu,1.000000,5.000000,7.676625,abu_charge_done
2.000000,15.000000,aircraft,,1.000000,0.000000,aircraft_depart
2.000000,15.000000,aircraft,,1.000000,0.146658,abu_detach
2.000000,15.000000,aircraft,,1.000000,0.447500,aircraft_arrive
2.000000,15.000000,aircraft,,1.000000,0.730800,aircraft_ground_ops_done
2.000000,15.000000,aircraft,,1.000000,1.580123,aircraft_charge_done
2.000000,15.000000,aircraft,,2.000000,1.580123,aircraft_depart
2.000000,15.000000,aircraft,,2.000000,1.726781,abu_detach
2.000000,15.000000,aircraft,,2.000000,2.027623,aircraft_arrive
2.000000,15.000000,aircraft,,2.000000,2.310923,aircraft_ground_ops_done
2.000000,15.000000,aircraft,,2.000000,3.160247,aircraft_charge_done
2.000000,15.000000,aircraft,,3.000000,3.160247,aircraft_depart
2.000000,15.000000,aircraft,,3.000000,3.306905,abu_detach
2.000000,15.000000,aircraft,,3.000000,3.607747,aircraft_arrive
2.000000,15.000000,aircraft,,3.000000,3.891047,aircraft_ground_ops_done
2.000000,15.000000,aircraft,,3.000000,4.740370,aircraft_charge_done
2.000000,15.000000,aircraft,,4.000000,4.740370,aircraft_depart
2.000000,15.000000,aircraft,,4.000000,4.887028,abu_detach
2.000000,15.000000,aircraft,,4.000000,5.187870,aircraft_arrive
2.000000,15.000000,aircraft,,4.000000,5.471170,aircraft_ground_ops_done
2.000000,15.000000,aircraft,,4.000000,6.320493,aircraft_charge_done
2.000000,15.000000,aircraft,,5.000000,6.320493,aircraft_depart
2.000000,15.000000,aircraft,,5.000000,6.467151,abu_detach
2.000000,15.000000,aircraft,,5.000000,6.767993,aircraft_arrive
2.000000,15.000000,aircraft,,5.000000,7.051293,aircraft_ground_ops_done
2.000000,15.000000,aircraft,,5.000000,7.900617,aircraft_charge_done
2.000000,15.000000,abu,1.000000,1.000000,0.000000,abu_attached
2.000000,15.000000,abu,1.000000,1.000000,0.146658,abu_detach
2.000000,15.000000,abu,1.000000,1.000000,0.816429,abu_return_done
2.000000,15.000000,abu,1.000000,1.000000,0.816429,abu_charge_start
2.000000,15.000000,abu,1.000000,1.000000,1.234021,abu_charge_done
2.000000,15.000000,abu,1.000000,2.000000,1.580123,abu_attached
2.000000,15.000000,abu,1.000000,2.000000,1.726781,abu_detach
2.000000,15.000000,abu,1.000000,2.000000,2.396552,abu_return_done
2.000000,15.000000,abu,1.000000,2.000000,2.396552,abu_charge_start
2.000000,15.000000,abu,1.000000,2.000000,2.814144,abu_charge_done
2.000000,15.000000,abu,1.000000,3.000000,3.160247,abu_attached
2.000000,15.000000,abu,1.000000,3.000000,3.306905,abu_detach
2.000000,15.000000,abu,1.000000,3.000000,3.976675,abu_return_done
2.000000,15.000000,abu,1.000000,3.000000,3.976675,abu_charge_start
2.000000,15.000000,abu,1.000000,3.000000,4.394267,abu_charge_done
2.000000,15.000000,abu,1.000000,4.000000,4.740370,abu_attached
2.000000,15.000000,abu,1.000000,4.000000,4.887028,abu_detach
2.000000,15.000000,abu,1.000000,4.000000,5.556799,abu_return_done
2.000000,15.000000,abu,1.000000,4.000000,5.556799,abu_charge_start
2.000000,15.000000,abu,1.000000,4.000000,5.974391,abu_charge_done
2.000000,15.000000,abu,1.000000,5.000000,6.320493,abu_attached
2.000000,15.000000,abu,1.000000,5.000000,6.467151,abu_detach
2.000000,15.000000,abu,1.000000,5.000000,7.136922,abu_return_done
2.000000,15.000000,abu,1.000000,5.000000,7.136922,abu_charge_start
2.000000,15.000000,abu,1.000000,5.000000,7.554514,abu_charge_done
2.000000,20.000000,aircraft,,1.000000,0.000000,aircraft_depart
2.000000,20.000000,aircraft,,1.000000,0.172007,abu_detach
2.000000,20.000000,aircraft,,1.000000,0.447500,aircraft_arrive
2.000000,20.000000,aircraft,,1.000000,0.730800,aircraft_ground_ops_done
2.000000,20.000000,aircraft,,1.000000,1.541746,aircraft_charge_done
2.000000,20.000000,aircraft,,2.000000,1.541746,aircraft_depart
2.000000,20.000000,aircraft,,2.000000,1.713753,abu_detach
2.000000,20.000000,aircraft,,2.000000,1.989246,aircraft_arrive
2.000000,20.000000,aircraft,,2.000000,2.272546,aircraft_ground_ops_done
2.000000,20.000000,aircraft,,2.000000,3.083492,aircraft_charge_done
2.000000,20.000000,aircraft,,3.000000,3.083492,aircraft_depart
2.000000,20.000000,aircraft,,3.000000,3.255498,abu_detach
2.000000,20.000000,aircraft,,3.000000,3.530992,aircraft_arrive
2.000000,20.000000,aircraft,,3.000000,3.814292,aircraft_ground_ops_done
2.000000,20.000000,aircraft,,3.000000,4.625237,aircraft_charge_done
2.000000,20.000000,aircraft,,4.000000,4.625237,aircraft_depart
2.000000,20.000000,aircraft,,4.000000,4.797244,abu_detach
2.000000,20.000000,aircraft,,4.000000,5.072737,aircraft_arrive
2.000000,20.000000,aircraft,,4.000000,5.356037,aircraft_ground_ops_done
2.000000,20.000000,aircraft,,4.000000,6.166983,aircraft_charge_done
2.000000,20.000000,aircraft,,5.000000,6.166983,aircraft_depart
2.000000,20.000000,aircraft,,5.000000,6.338990,abu_detach
2.000000,20.000000,aircraft,,5.000000,6.614483,aircraft_arrive
2.000000,20.000000,aircraft,,5.000000,6.897783,aircraft_ground_ops_done
2.000000,20.000000,aircraft,,5.000000,7.708729,aircraft_charge_done
2.000000,20.000000,abu,1.000000,1.000000,0.000000,abu_attached
2.000000,20.000000,abu,1.000000,1.000000,0.172007,abu_detach
2.000000,20.000000,abu,1.000000,1.000000,0.785081,abu_return_done
2.000000,20.000000,abu,1.000000,1.000000,0.785081,abu_charge_start
2.000000,20.000000,abu,1.000000,1.000000,1.270509,abu_charge_done
2.000000,20.000000,abu,1.000000,2.000000,1.541746,abu_attached
2.000000,20.000000,abu,1.000000,2.000000,1.713753,abu_detach
2.000000,20.000000,abu,1.000000,2.000000,2.326826,abu_return_done
2.000000,20.000000,abu,1.000000,2.000000,2.326826,abu_charge_start
2.000000,20.000000,abu,1.000000,2.000000,2.812255,abu_charge_done
2.000000,20.000000,abu,1.000000,3.000000,3.083492,abu_attached
2.000000,20.000000,abu,1.000000,3.000000,3.255498,abu_detach
2.000000,20.000000,abu,1.000000,3.000000,3.868572,abu_return_done
2.000000,20.000000,abu,1.000000,3.000000,3.868572,abu_charge_start
2.000000,20.000000,abu,1.000000,3.000000,4.354000,abu_charge_done
2.000000,20.000000,abu,1.000000,4.000000,4.625237,abu_attached
2.000000,20.000000,abu,1.000000,4.000000,4.797244,abu_detach
2.000000,20.000000,abu,1.000000,4.000000,5.410318,abu_return_done
2.000000,20.000000,abu,1.000000,4.000000,5.410318,abu_charge_start
2.000000,20.000000,abu,1.000000,4.000000,5.895746,abu_charge_done
2.000000,20.000000,abu,1.000000,5.000000,6.166983,abu_attached
2.000000,20.000000,abu,1.000000,5.000000,6.338990,abu_detach
2.000000,20.000000,abu,1.000000,5.000000,6.952064,abu_return_done
2.000000,20.000000,abu,1.000000,5.000000,6.952064,abu_charge_start
2.000000,20.000000,abu,1.000000,5.000000,7.437492,abu_charge_done
2.000000,25.000000,aircraft,,1.000000,0.000000,aircraft_depart
2.000000,25.000000,aircraft,,1.000000,0.196472,abu_detach
2.000000,25.000000,aircraft,,1.000000,0.447500,aircraft_arrive
2.000000,25.000000,aircraft,,1.000000,0.730800,aircraft_ground_ops_done
2.000000,25.000000,aircraft,,1.000000,1.504707,aircraft_charge_done
2.000000,25.000000,aircraft,,2.000000,1.504707,aircraft_depart
2.000000,25.000000,aircraft,,2.000000,1.701178,abu_detach
2.000000,25.000000,aircraft,,2.000000,1.952207,aircraft_arrive
2.000000,25.000000,aircraft,,2.000000,2.235507,aircraft_ground_ops_done
2.000000,25.000000,aircraft,,2.000000,3.009413,aircraft_charge_done
2.000000,25.000000,aircraft,,3.000000,3.009413,aircraft_depart
2.000000,25.000000,aircraft,,3.000000,3.205885,abu_detach
2.000000,25.000000,aircraft,,3.000000,3.456913,aircraft_arrive
2.000000,25.000000,aircraft,,3.000000,3.740213,aircraft_ground_ops_done
2.000000,25.000000,aircraft,,3.000000,4.514120,aircraft_charge_done
2.000000,25.000000,aircraft,,4.000000,4.514120,aircraft_depart
2.000000,25.000000,aircraft,,4.000000,4.710591,abu_detach
2.000000,25.000000,aircraft,,4.000000,4.961620,aircraft_arrive
2.000000,25.000000,aircraft,,4.000000,5.244920,aircraft_ground_ops_done
2.000000,25.000000,aircraft,,4.000000,6.018826,aircraft_charge_done
2.000000,25.000000,aircraft,,5.000000,6.018826,aircraft_depart
2.000000,25.000000,aircraft,,5.000000,6.215298,abu_detach
2.000000,25.000000,aircraft,,5.000000,6.466326,aircraft_arrive
2.000000,25.000000,aircraft,,5.000000,6.749626,aircraft_ground_ops_done
2.000000,25.000000,aircraft,,5.000000,7.523533,aircraft_charge_done
2.000000,25.000000,aircraft,,6.000000,7.523533,aircraft_depart
2.000000,25.000000,aircraft,,6.000000,7.720004,abu_detach
2.000000,25.000000,aircraft,,6.000000,7.971033,aircraft_arrive
2.000000,25.000000,aircraft,,6.000000,8.254333,aircraft_ground_ops_done
2.000000,25.000000,aircraft,,6.000000,9.028239,aircraft_charge_done
2.000000,25.000000,abu,1.000000,1.000000,0.000000,abu_attached
2.000000,25.000000,abu,1.000000,1.000000,0.196472,abu_detach
2.000000,25.000000,abu,1.000000,1.000000,0.754826,abu_return_done
2.000000,25.000000,abu,1.000000,1.000000,0.754826,abu_charge_start
2.000000,25.000000,abu,1.000000,1.000000,1.306775,abu_charge_done
2.000000,25.000000,abu,1.000000,2.000000,1.504707,abu_attached
2.000000,25.000000,abu,1.000000,2.000000,1.701178,abu_detach
2.000000,25.000000,abu,1.000000,2.000000,2.259532,abu_return_done
2.000000,25.000000,abu,1.000000,2.000000,2.259532,abu_charge_start
2.000000,25.000000,abu,1.000000,2.000000,2.811481,abu_charge_done
2.000000,25.000000,abu,1.000000,3.000000,3.009413,abu_attached
2.000000,25.000000,abu,1.000000,3.000000,3.205885,abu_detach
2.000000,25.000000,abu,1.000000,3.000000,3.764239,abu_return_done
2.000000,25.000000,abu,1.000000,3.000000,3.764239,abu_charge_start
2.000000,25.000000,abu,1.000000,3.000000,4.316188,abu_charge_done
2.000000,25.000000,abu,1.000000,4.000000,4.514120,abu_attached
2.000000,25.000000,abu,1.000000,4.000000,4.710591,abu_detach
2.000000,25.000000,abu,1.000000,4.000000,5.268945,abu_return_done
2.000000,25.000000,abu,1.000000,4.000000,5.268945,abu_charge_start
2.000000,25.000000,abu,1.000000,4.000000,5.820894,abu_charge_done
2.000000,25.000000,abu,1.000000,5.000000,6.018826,abu_attached
2.000000,25.000000,abu,1.000000,5.000000,6.215298,abu_detach
2.000000,25.000000,abu,1.000000,5.000000,6.773652,abu_return_done
2.000000,25.000000,abu,1.000000,5.000000,6.773652,abu_charge_start
2.000000,25.000000,abu,1.000000,5.000000,7.325601,abu_charge_done
2.000000,25.000000,abu,1.000000,6.000000,7.523533,abu_attached
2.000000,25.000000,abu,1.000000,6.000000,7.720004,abu_detach
2.000000,25.000000,abu,1.000000,6.000000,8.278359,abu_return_done
2.000000,25.000000,abu,1.000000,6.000000,8.278359,abu_charge_start
2.000000,25.000000,abu,1.000000,6.000000,8.830307,abu_charge_done
2.000000,30.000000,aircraft,,1.000000,0.000000,aircraft_depart
2.000000,30.000000,aircraft,,1.000000,0.220082,abu_detach
2.000000,30.000000,aircraft,,1.000000,0.447500,aircraft_arrive
2.000000,30.000000,aircraft,,1.000000,0.730800,aircraft_ground_ops_done
2.000000,30.000000,aircraft,,1.000000,1.468961,aircraft_charge_done
2.000000,30.000000,aircraft,,2.000000,1.468961,aircraft_depart
2.000000,30.000000,aircraft,,2.000000,1.689043,abu_detach
2.000000,30.000000,aircraft,,2.000000,1.916461,aircraft_arrive
2.000000,30.000000,aircraft,,2.000000,2.199761,aircraft_ground_ops_done
2.000000,30.000000,aircraft,,2.000000,2.937922,aircraft_charge_done
2.000000,30.000000,aircraft,,3.000000,2.937922,aircraft_depart
2.000000,30.000000,aircraft,,3.000000,3.158004,abu_detach
2.000000,30.000000,aircraft,,3.000000,3.385422,aircraft_arrive
2.000000,30.000000,aircraft,,3.000000,3.668722,aircraft_ground_ops_done
2.000000,30.000000,aircraft,,3.000000,4.406884,aircraft_charge_done
2.000000,30.000000,aircraft,,4.000000,4.406884,aircraft_depart
2.000000,30.000000,aircraft,,4.000000,4.626965,abu_detach
2.000000,30.000000,aircraft,,4.000000,4.854384,aircraft_arrive
2.000000,30.000000,aircraft,,4.000000,5.137684,aircraft_ground_ops_done
2.000000,30.000000,aircraft,,4.000000,5.875845,aircraft_charge_done
2.000000,30.000000,aircraft,,5.000000,5.875845,aircraft_depart
2.000000,30.000000,aircraft,,5.000000,6.095927,abu_detach
2.000000,30.000000,aircraft,,5.000000,6.323345,aircraft_arrive
2.000000,30.000000,aircraft,,5.000000,6.606645,aircraft_ground_ops_done
2.000000,30.000000,aircraft,,5.000000,7.344806,aircraft_charge_done
2.000000,30.000000,aircraft,,6.000000,7.344806,aircraft_depart
2.000000,30.000000,aircraft,,6.000000,7.564888,abu_detach
2.000000,30.000000,aircraft,,6.000000,7.792306,aircraft_arrive
2.000000,30.000000,aircraft,,6.000000,8.075606,aircraft_ground_ops_done
2.000000,30.000000,aircraft,,6.000000,8.813767,aircraft_charge_done
2.000000,30.000000,abu,1.000000,1.000000,0.000000,abu_attached
2.000000,30.000000,abu,1.000000,1.000000,0.220082,abu_detach
2.000000,30.000000,abu,1.000000,1.000000,0.725628,abu_return_done
2.000000,30.000000,abu,1.000000,1.000000,0.725628,abu_charge_start
2.000000,30.000000,abu,1.000000,1.000000,1.342972,abu_charge_done
2.000000,30.000000,abu,1.000000,2.000000,1.468961,abu_attached
2.000000,30.000000,abu,1.000000,2.000000,1.689043,abu_detach
2.000000,30.000000,abu,1.000000,2.000000,2.194589,abu_return_done
2.000000,30.000000,abu,1.000000,2.000000,2.194589,abu_charge_start
2.000000,30.000000,abu,1.000000,2.000000,2.811933,abu_charge_done
2.000000,30.000000,abu,1.000000,3.000000,2.937922,abu_attached
2.000000,30.000000,abu,1.000000,3.000000,3.158004,abu_detach
2.000000,30.000000,abu,1.000000,3.000000,3.663550,abu_return_done
2.000000,30.000000,abu,1.000000,3.000000,3.663550,abu_charge_start
2.000000,30.000000,abu,1.000000,3.000000,4.280894,abu_charge_done
2.000000,30.000000,abu,1.000000,4.000000,4.406884,abu_attached
2.000000,30.000000,abu,1.000000,4.000000,4.626965,abu_detach
2.000000,30.000000,abu,1.000000,4.000000,5.132511,abu_return_done
2.000000,30.000000,abu,1.000000,4.000000,5.132511,abu_charge_start
2.000000,30.000000,abu,1.000000,4.000000,5.749856,abu_charge_done
2.000000,30.000000,abu,1.000000,5.000000,5.875845,abu_attached
2.000000,30.000000,abu,1.000000,5.000000,6.095927,abu_detach
2.000000,30.000000,abu,1.000000,5.000000,6.601473,abu_return_done
2.000000,30.000000,abu,1.000000,5.000000,6.601473,abu_charge_start
2.000000,30.000000,abu,1.000000,5.000000,7.218817,abu_charge_done
2.000000,30.000000,abu,1.000000,6.000000,7.344806,abu_attached
2.000000,30.000000,abu,1.000000,6.000000,7.564888,abu_detach
2.000000,30.000000,abu,1.000000,6.000000,8.070434,abu_return_done
2.000000,30.000000,abu,1.000000,6.000000,8.070434,abu_charge_start
2.000000,30.000000,abu,1.000000,6.000000,8.687778,abu_charge_done
2.000000,35.000000,aircraft,,1.000000,0.000000,aircraft_depart
2.000000,35.000000,aircraft,,1.000000,0.242866,abu_detach
2.000000,35.000000,aircraft,,1.000000,0.447500,aircraft_arrive
2.000000,35.000000,aircraft,,1.000000,0.730800,aircraft_ground_ops_done
2.000000,35.000000,aircraft,,1.000000,1.434467,aircraft_charge_done
2.000000,35.000000,aircraft,,2.000000,1.434467,aircraft_depart
2.000000,35.000000,aircraft,,2.000000,1.677332,abu_detach
2.000000,35.000000,aircraft,,2.000000,1.881967,aircraft_arrive
2.000000,35.000000,aircraft,,2.000000,2.165267,aircraft_ground_ops_done
2.000000,35.000000,aircraft,,2.000000,2.868933,aircraft_charge_done
2.000000,35.000000,aircraft,,3.000000,2.868933,aircraft_depart
2.000000,35.000000,aircraft,,3.000000,3.111799,abu_detach
2.000000,35.000000,aircraft,,3.000000,3.316433,aircraft_arrive
2.000000,35.000000,aircraft,,3.000000,3.599733,aircraft_ground_ops_done
2.000000,35.000000,aircraft,,3.000000,4.303400,aircraft_charge_done
2.000000,35.000000,aircraft,,4.000000,4.303400,aircraft_depart
2.000000,35.000000,aircraft,,4.000000,4.546266,abu_detach
2.000000,35.000000,aircraft,,4.000000,4.750900,aircraft_arrive
2.000000,35.000000,aircraft,,4.000000,5.034200,aircraft_ground_ops_done
2.000000,35.000000,aircraft,,4.000000,5.737866,aircraft_charge_done
2.000000,35.000000,aircraft,,5.000000,5.737866,aircraft_depart
2.000000,35.000000,aircraft,,5.000000,5.980732,abu_detach
2.000000,35.000000,aircraft,,5.000000,6.185366,aircraft_arrive
2.000000,35.000000,aircraft,,5.000000,6.468666,aircraft_ground_ops_done
2.000000,35.000000,aircraft,,5.000000,7.172333,aircraft_charge_done
2.000000,35.000000,aircraft,,6.000000,7.172333,aircraft_depart
2.000000,35.000000,aircraft,,6.000000,7.415199,abu_detach
2.000000,35.000000,aircraft,,6.000000,7.619833,aircraft_arrive
2.000000,35.000000,aircraft,,6.000000,7.903133,aircraft_ground_ops_done
2.000000,35.000000,aircraft,,6.000000,8.606800,aircraft_charge_done
2.000000,35.000000,abu,1.000000,1.000000,0.000000,abu_attached
2.000000,35.000000,abu,1.000000,1.000000,0.242866,abu_detach
2.000000,35.000000,abu,1.000000,1.000000,0.697451,abu_return_done
2.000000,35.000000,abu,1.000000,1.000000,0.697451,abu_charge_start
2.000000,35.000000,abu,1.000000,1.000000,1.379209,abu_charge_done
2.000000,35.000000,abu,1.000000,2.000000,1.434467,abu_attached
2.000000,35.000000,abu,1.000000,2.000000,1.677332,abu_detach
2.000000,35.000000,abu,1.000000,2.000000,2.131918,abu_return_done
2.000000,35.000000,abu,1.000000,2.000000,2.131918,abu_charge_start
2.000000,35.000000,abu,1.000000,2.000000,2.813676,abu_charge_done
2.000000,35.000000,abu,1.000000,3.000000,2.868933,abu_attached
2.000000,35.000000,abu,1.000000,3.000000,3.111799,abu_detach
2.000000,35.000000,abu,1.000000,3.000000,3.566385,abu_return_done
2.000000,35.000000,abu,1.000000,3.000000,3.566385,abu_charge_start
2.000000,35.000000,abu,1.000000,3.000000,4.248142,abu_charge_done
2.000000,35.000000,abu,1.000000,4.000000,4.303400,abu_attached
2.000000,35.000000,abu,1.000000,4.000000,4.546266,abu_detach
2.000000,35.000000,abu,1.000000,4.000000,5.000851,abu_return_done
2.000000,35.000000,abu,1.000000,4.000000,5.000851,abu_charge_start
2.000000,35.000000,abu,1.000000,4.000000,5.682609,abu_charge_done
2.000000,35.000000,abu,1.000000,5.000000,5.737866,abu_attached
2.000000,35.000000,abu,1.000000,5.000000,5.980732,abu_detach
2.000000,35.000000,abu,1.000000,5.000000,6.435318,abu_return_done
2.000000,35.000000,abu,1.000000,5.000000,6.435318,abu_charge_start
2.000000,35.000000,abu,1.000000,5.000000,7.117076,abu_charge_done
2.000000,35.000000,abu,1.000000,6.000000,7.172333,abu_attached
2.000000,35.000000,abu,1.000000,6.000000,7.415199,abu_detach
2.000000,35.000000,abu,1.000000,6.000000,7.869784,abu_return_done
2.000000,35.000000,abu,1.000000,6.000000,7.869784,abu_charge_start
2.000000,35.000000,abu,1.000000,6.000000,8.551542,abu_charge_done
2.000000,40.000000,aircraft,,1.000000,0.000000,aircraft_depart
2.000000,40.000000,aircraft,,1.000000,0.264851,abu_detach
2.000000,40.000000,aircraft,,1.000000,0.447500,aircraft_arrive
2.000000,40.000000,aircraft,,1.000000,0.730800,aircraft_ground_ops_done
2.000000,40.000000,aircraft,,1.000000,1.401181,aircraft_charge_done
2.000000,40.000000,aircraft,,2.000000,1.401181,aircraft_depart
2.000000,40.000000,aircraft,,2.000000,1.666032,abu_detach
2.000000,40.000000,aircraft,,2.000000,1.848681,aircraft_arrive
2.000000,40.000000,aircraft,,2.000000,2.131981,aircraft_ground_ops_done
2.000000,40.000000,aircraft,,2.000000,2.802362,aircraft_charge_done
2.000000,40.000000,aircraft,,3.000000,2.802362,aircraft_depart
2.000000,40.000000,aircraft,,3.000000,3.067213,abu_detach
2.000000,40.000000,aircraft,,3.000000,3.249862,aircraft_arrive
2.000000,40.000000,aircraft,,3.000000,3.533162,aircraft_ground_ops_done
2.000000,40.000000,aircraft,,3.000000,4.203543,aircraft_charge_done
2.000000,40.000000,aircraft,,4.000000,4.203543,aircraft_depart
2.000000,40.000000,aircraft,,4.000000,4.468394,abu_detach
2.000000,40.000000,aircraft,,4.000000,4.651043,aircraft_arrive
2.000000,40.000000,aircraft,,4.000000,4.934343,aircraft_ground_ops_done
2.000000,40.000000,aircraft,,4.000000,5.604724,aircraft_charge_done
2.000000,40.000000,aircraft,,5.000000,5.604724,aircraft_depart
2.000000,40.000000,aircraft,,5.000000,5.869575,abu_detach
2.000000,40.000000,aircraft,,5.000000,6.052224,aircraft_arrive
2.000000,40.000000,aircraft,,5.000000,6.335524,aircraft_ground_ops_done
2.000000,40.000000,aircraft,,5.000000,7.005905,aircraft_charge_done
2.000000,40.000000,aircraft,,6.000000,7.005905,aircraft_depart
2.000000,40.000000,aircraft,,6.000000,7.270756,abu_detach
2.000000,40.000000,aircraft,,6.000000,7.453405,aircraft_arrive
2.000000,40.000000,aircraft,,6.000000,7.736705,aircraft_ground_ops_done
2.000000,40.000000,aircraft,,6.000000,8.407086,aircraft_charge_done
2.000000,40.000000,abu,1.000000,1.000000,0.000000,abu_attached
2.000000,40.000000,abu,1.000000,1.000000,0.264851,abu_detach
2.000000,40.000000,abu,1.000000,1.000000,0.670263,abu_return_done
2.000000,40.000000,abu,1.000000,1.000000,0.670263,abu_charge_start
2.000000,40.000000,abu,1.000000,1.000000,1.415565,abu_charge_done
2.000000,40.000000,abu,1.000000,3.000000,2.802362,abu_attached
2.000000,40.000000,abu,1.000000,3.000000,3.067213,abu_detach
2.000000,40.000000,abu,1.000000,3.000000,3.472625,abu_return_done
2.000000,40.000000,abu,1.000000,3.000000,3.472625,abu_charge_start
2.000000,40.000000,abu,1.000000,3.000000,4.217927,abu_charge_done
2.000000,40.000000,abu,1.000000,5.000000,5.604724,abu_attached
2.000000,40.000000,abu,1.000000,5.000000,5.869575,abu_detach
2.000000,40.000000,abu,1.000000,5.000000,6.274987,abu_return_done
2.000000,40.000000,abu,1.000000,5.000000,6.274987,abu_charge_start
2.000000,40.000000,abu,1.000000,5.000000,7.020289,abu_charge_done
2.000000,40.000000,abu,2.000000,2.000000,1.401181,abu_attached
2.000000,40.000000,abu,2.000000,2.000000,1.666032,abu_detach
2.000000,40.000000,abu,2.000000,2.000000,2.071444,abu_return_done
2.000000,40.000000,abu,2.000000,2.000000,2.071444,abu_charge_start
2.000000,40.000000,abu,2.000000,2.000000,2.816746,abu_charge_done
2.000000,40.000000,abu,2.000000,4.000000,4.203543,abu_attached
2.000000,40.000000,abu,2.000000,4.000000,4.468394,abu_detach
2.000000,40.000000,abu,2.000000,4.000000,4.873806,abu_return_done
2.000000,40.000000,abu,2.000000,4.000000,4.873806,abu_charge_start
2.000000,40.000000,abu,2.000000,4.000000,5.619108,abu_charge_done
2.000000,40.000000,abu,2.000000,6.000000,7.005905,abu_attached
2.000000,40.000000,abu,2.000000,6.000000,7.270756,abu_detach
2.000000,40.000000,abu,2.000000,6.000000,7.676168,abu_return_done
2.000000,40.000000,abu,2.000000,6.000000,7.676168,abu_charge_start
2.000000,40.000000,abu,2.000000,6.000000,8.421470,abu_charge_done
2.000000,45.000000,aircraft,,1.000000,0.000000,aircraft_depart
2.000000,45.000000,aircraft,,1.000000,0.286065,abu_detach
2.000000,45.000000,aircraft,,1.000000,0.447500,aircraft_arrive
2.000000,45.000000,aircraft,,1.000000,0.730800,aircraft_ground_ops_done
2.000000,45.000000,aircraft,,1.000000,1.369064,aircraft_charge_done
2.000000,45.000000,aircraft,,2.000000,1.369064,aircraft_depart
2.000000,45.000000,aircraft,,2.000000,1.655129,abu_detach
2.000000,45.000000,aircraft,,2.000000,1.816564,aircraft_arrive
2.000000,45.000000,aircraft,,2.000000,2.099864,aircraft_ground_ops_done
2.000000,45.000000,aircraft,,2.000000,2.738128,aircraft_charge_done
2.000000,45.000000,aircraft,,3.000000,2.738128,aircraft_depart
2.000000,45.000000,aircraft,,3.000000,3.024193,abu_detach
2.000000,45.000000,aircraft,,3.000000,3.185628,aircraft_arrive
2.000000,45.000000,aircraft,,3.000000,3.468928,aircraft_ground_ops_done
2.000000,45.000000,aircraft,,3.000000,4.107192,aircraft_charge_done
2.000000,45.000000,aircraft,,4.000000,4.107192,aircraft_depart
2.000000,45.000000,aircraft,,4.000000,4.393257,abu_detach
2.000000,45.000000,aircraft,,4.000000,4.554692,aircraft_arrive
2.000000,45.000000,aircraft,,4.000000,4.837992,aircraft_ground_ops_done
2.000000,45.000000,aircraft,,4.000000,5.476256,aircraft_charge_done
2.000000,45.000000,aircraft,,5.000000,5.476256,aircraft_depart
2.000000,45.000000,aircraft,,5.000000,5.762321,abu_detach
2.000000,45.000000,aircraft,,5.000000,5.923756,aircraft_arrive
2.000000,45.000000,aircraft,,5.000000,6.207056,aircraft_ground_ops_done
2.000000,45.000000,aircraft,,5.000000,6.845320,aircraft_charge_done
2.000000,45.000000,aircraft,,6.000000,6.845320,aircraft_depart
2.000000,45.000000,aircraft,,6.000000,7.131385,abu_detach
2.000000,45.000000,aircraft,,6.000000,7.292820,aircraft_arrive
2.000000,45.000000,aircraft,,6.000000,7.576120,aircraft_ground_ops_done
2.000000,45.000000,aircraft,,6.000000,8.214384,aircraft_charge_done
2.000000,45.000000,abu,1.000000,1.000000,0.000000,abu_attached
2.000000,45.000000,abu,1.000000,1.000000,0.286065,abu_detach
2.000000,45.000000,abu,1.000000,1.000000,0.644029,abu_return_done
2.000000,45.000000,abu,1.000000,1.000000,0.644029,abu_charge_start
2.000000,45.000000,abu,1.000000,1.000000,1.452097,abu_charge_done
2.000000,45.000000,abu,1.000000,3.000000,2.738128,abu_attached
2.000000,45.000000,abu,1.000000,3.000000,3.024193,abu_detach
2.000000,45.000000,abu,1.000000,3.000000,3.382157,abu_return_done
2.000000,45.000000,abu,1.000000,3.000000,3.382157,abu_charge_start
2.000000,45.000000,abu,1.000000,3.000000,4.190225,abu_charge_done
2.000000,45.000000,abu,1.000000,5.000000,5.476256,abu_attached
2.000000,45.000000,abu,1.000000,5.000000,5.762321,abu_detach
2.000000,45.000000,abu,1.000000,5.000000,6.120285,abu_return_done
2.000000,45.000000,abu,1.000000,5.000000,6.120285,abu_charge_start
2.000000,45.000000,abu,1.000000,5.000000,6.928353,abu_charge_done
2.000000,45.000000,abu,2.000000,2.000000,1.369064,abu_attached
2.000000,45.000000,abu,2.000000,2.000000,1.655129,abu_detach
2.000000,45.000000,abu,2.000000,2.000000,2.013093,abu_return_done
2.000000,45.000000,abu,2.000000,2.000000,2.013093,abu_charge_start
2.000000,45.000000,abu,2.000000,2.000000,2.821161,abu_charge_done
2.000000,45.000000,abu,2.000000,4.000000,4.107192,abu_attached
2.000000,45.000000,abu,2.000000,4.000000,4.393257,abu_detach
2.000000,45.000000,abu,2.000000,4.000000,4.751221,abu_return_done
2.000000,45.000000,abu,2.000000,4.000000,4.751221,abu_charge_start
2.000000,45.000000,abu,2.000000,4.000000,5.559289,abu_charge_done
2.000000,45.000000,abu,2.000000,6.000000,6.845320,abu_attached
2.000000,45.000000,abu,2.000000,6.000000,7.131385,abu_detach
2.000000,45.000000,abu,2.000000,6.000000,7.489349,abu_return_done
2.000000,45.000000,abu,2.000000,6.000000,7.489349,abu_charge_start
2.000000,45.000000,abu,2.000000,6.000000,8.297417,abu_charge_done
2.000000,50.000000,aircraft,,1.000000,0.000000,aircraft_depart
2.000000,50.000000,aircraft,,1.000000,0.306533,abu_detach
2.000000,50.000000,aircraft,,1.000000,0.447500,aircraft_arrive
2.000000,50.000000,aircraft,,1.000000,0.730800,aircraft_ground_ops_done
2.000000,50.000000,aircraft,,1.000000,1.338076,aircraft_charge_done
2.000000,50.000000,aircraft,,2.000000,1.338076,aircraft_depart
2.000000,50.000000,aircraft,,2.000000,1.644609,abu_detach
2.000000,50.000000,aircraft,,2.000000,1.785576,aircraft_arrive
2.000000,50.000000,aircraft,,2.000000,2.068876,aircraft_ground_ops_done
2.000000,50.000000,aircraft,,2.000000,2.676153,aircraft_charge_done
2.000000,50.000000,aircraft,,3.000000,2.676153,aircraft_depart
2.000000,50.000000,aircraft,,3.000000,2.982686,abu_detach
2.000000,50.000000,aircraft,,3.000000,3.123653,aircraft_arrive
2.000000,50.000000,aircraft,,3.000000,3.406953,aircraft_ground_ops_done
2.000000,50.000000,aircraft,,3.000000,4.014229,aircraft_charge_done
2.000000,50.000000,aircraft,,4.000000,4.014229,aircraft_depart
2.000000,50.000000,aircraft,,4.000000,4.320762,abu_detach
2.000000,50.000000,aircraft,,4.000000,4.461729,aircraft_arrive
2.000000,50.000000,aircraft,,4.000000,4.745029,aircraft_ground_ops_done
2.000000,50.000000,aircraft,,4.000000,5.352306,aircraft_charge_done
2.000000,50.000000,aircraft,,5.000000,5.352306,aircraft_depart
2.000000,50.000000,aircraft,,5.000000,5.658838,abu_detach
2.000000,50.000000,aircraft,,5.000000,5.799806,aircraft_arrive
2.000000,50.000000,aircraft,,5.000000,6.083106,aircraft_ground_ops_done
2.000000,50.000000,aircraft,,5.000000,6.690382,aircraft_charge_done
2.000000,50.000000,aircraft,,6.000000,6.690382,aircraft_depart
2.000000,50.000000,aircraft,,6.000000,6.996915,abu_detach
2.000000,50.000000,aircraft,,6.000000,7.137882,aircraft_arrive
2.000000,50.000000,aircraft,,6.000000,7.421182,aircraft_ground_ops_done
2.000000,50.000000,aircraft,,6.000000,8.028459,aircraft_charge_done
2.000000,50.000000,abu,1.000000,1.000000,0.000000,abu_attached
2.000000,50.000000,abu,1.000000,1.000000,0.306533,abu_detach
2.000000,50.000000,abu,1.000000,1.000000,0.618717,abu_return_done
2.000000,50.000000,abu,1.000000,1.000000,0.618717,abu_charge_start
2.000000,50.000000,abu,1.000000,1.000000,1.488847,abu_charge_done
2.000000,50.000000,abu,1.000000,3.000000,2.676153,abu_attached
2.000000,50.000000,abu,1.000000,3.000000,2.982686,abu_detach
2.000000,50.000000,abu,1.000000,3.000000,3.294870,abu_return_done
2.000000,50.000000,abu,1.000000,3.000000,3.294870,abu_charge_start
2.000000,50.000000,abu,1.000000,3.000000,4.165000,abu_charge_done
2.000000,50.000000,abu,1.000000,5.000000,5.352306,abu_attached
2.000000,50.000000,abu,1.000000,5.000000,5.658838,abu_detach
2.000000,50.000000,abu,1.000000,5.000000,5.971023,abu_return_done
2.000000,50.000000,abu,1.000000,5.000000,5.971023,abu_charge_start
2.000000,50.000000,abu,1.000000,5.000000,6.841153,abu_charge_done
2.000000,50.000000,abu,2.000000,2.000000,1.338076,abu_attached
2.000000,50.000000,abu,2.000000,2.000000,1.644609,abu_detach
2.000000,50.000000,abu,2.000000,2.000000,1.956793,abu_return_done
2.000000,50.000000,abu,2.000000,2.000000,1.956793,abu_charge_start
2.000000,50.000000,abu,2.000000,2.000000,2.826924,abu_charge_done
2.000000,50.000000,abu,2.000000,4.000000,4.014229,abu_attached
2.000000,50.000000,abu,2.000000,4.000000,4.320762,abu_detach
2.000000,50.000000,abu,2.000000,4.000000,4.632946,abu_return_done
2.000000,50.000000,abu,2.000000,4.000000,4.632946,abu_charge_start
2.000000,50.000000,abu,2.000000,4.000000,5.503077,abu_charge_done
2.000000,50.000000,abu,2.000000,6.000000,6.690382,abu_attached
2.000000,50.000000,abu,2.000000,6.000000,6.996915,abu_detach
2.000000,50.000000,abu,2.000000,6.000000,7.309099,abu_return_done
2.000000,50.000000,abu,2.000000,6.000000,7.309099,abu_charge_start
2.000000,50.000000,abu,2.000000,6.000000,8.179230,abu_charge_done
